-- MySQL dump 10.13  Distrib 8.0.16, for Win64 (x86_64)
--
-- Host: 127.0.0.1    Database: sams_teach_sql
-- ------------------------------------------------------
-- Server version	8.0.16

/*!40101 SET @OLD_CHARACTER_SET_CLIENT = @@CHARACTER_SET_CLIENT */;
/*!40101 SET @OLD_CHARACTER_SET_RESULTS = @@CHARACTER_SET_RESULTS */;
/*!40101 SET @OLD_COLLATION_CONNECTION = @@COLLATION_CONNECTION */;
SET NAMES utf8mb4;
/*!40103 SET @OLD_TIME_ZONE = @@TIME_ZONE */;
/*!40103 SET TIME_ZONE = '+00:00' */;
/*!40014 SET @OLD_UNIQUE_CHECKS = @@UNIQUE_CHECKS, UNIQUE_CHECKS = 0 */;
/*!40014 SET @OLD_FOREIGN_KEY_CHECKS = @@FOREIGN_KEY_CHECKS, FOREIGN_KEY_CHECKS = 0 */;
/*!40101 SET @OLD_SQL_MODE = @@SQL_MODE, SQL_MODE = 'NO_AUTO_VALUE_ON_ZERO' */;
/*!40111 SET @OLD_SQL_NOTES = @@SQL_NOTES, SQL_NOTES = 0 */;

--
-- Table structure for table `customers`
--

DROP TABLE IF EXISTS `customers`;
/*!40101 SET @saved_cs_client = @@character_set_client */;
SET character_set_client = utf8mb4;
CREATE TABLE `customers`
(
    `cust_id`      CHAR(10) NOT NULL,
    `cust_name`    CHAR(50) NOT NULL,
    `cust_address` CHAR(50)  DEFAULT NULL,
    `cust_city`    CHAR(50)  DEFAULT NULL,
    `cust_state`   CHAR(5)   DEFAULT NULL,
    `cust_zip`     CHAR(10)  DEFAULT NULL,
    `cust_country` CHAR(50)  DEFAULT NULL,
    `cust_contact` CHAR(50)  DEFAULT NULL,
    `cust_email`   CHAR(255) DEFAULT NULL,
    PRIMARY KEY (`cust_id`)
) ENGINE = InnoDB
  DEFAULT CHARSET = utf8mb4
  COLLATE = utf8mb4_0900_ai_ci;
/*!40101 SET character_set_client = @saved_cs_client */;

--
-- Dumping data for table `customers`
--

LOCK TABLES `customers` WRITE;
/*!40000 ALTER TABLE `customers`
    DISABLE KEYS */;
INSERT INTO `customers` (`cust_id`, `cust_name`, `cust_address`, `cust_city`, `cust_state`, `cust_zip`, `cust_country`,
                         `cust_contact`, `cust_email`)
VALUES ('1000000001', 'Village Toys', '200 Maple Lane', 'Detroit', 'MI', '44444', 'USA', 'John Smith',
        'sales@villagetoys.com'),
       ('1000000002', 'Kids Place', '333 South Lake Drive', 'Columbus', 'OH', '43333', 'USA', 'Michelle Green', NULL),
       ('1000000003', 'Fun4All', '1 Sunny Place', 'Muncie', 'IN', '42222', 'USA', 'Jim Jones', 'jjones@fun4all.com'),
       ('1000000004', 'Fun4All', '829 Riverside Drive', 'Phoenix', 'AZ', '88888', 'USA', 'Denise L. Stephens',
        'dstephens@fun4all.com'),
       ('1000000005', 'The Toy Store', '4545 53rd Street', 'Chicago', 'IL', '54545', 'USA', 'Kim Howard', NULL);
/*!40000 ALTER TABLE `customers`
    ENABLE KEYS */;
UNLOCK TABLES;

--
-- Table structure for table `orderitems`
--

DROP TABLE IF EXISTS `orderitems`;
/*!40101 SET @saved_cs_client = @@character_set_client */;
SET character_set_client = utf8mb4;
CREATE TABLE `orderitems`
(
    `order_num`  INT(11)       NOT NULL,
    `order_item` INT(11)       NOT NULL,
    `prod_id`    CHAR(10)      NOT NULL,
    `quantity`   INT(11)       NOT NULL,
    `item_price` DECIMAL(8, 2) NOT NULL,
    PRIMARY KEY (`order_num`, `order_item`),
    KEY `FK_OrderItems_Products` (`prod_id`),
    CONSTRAINT `FK_OrderItems_Orders` FOREIGN KEY (`order_num`) REFERENCES `orders` (`order_num`),
    CONSTRAINT `FK_OrderItems_Products` FOREIGN KEY (`prod_id`) REFERENCES `products` (`prod_id`)
) ENGINE = InnoDB
  DEFAULT CHARSET = utf8mb4
  COLLATE = utf8mb4_0900_ai_ci;
/*!40101 SET character_set_client = @saved_cs_client */;

--
-- Dumping data for table `orderitems`
--

LOCK TABLES `orderitems` WRITE;
/*!40000 ALTER TABLE `orderitems`
    DISABLE KEYS */;
INSERT INTO `orderitems` (`order_num`, `order_item`, `prod_id`, `quantity`, `item_price`)
VALUES (20005, 1, 'BR01', 100, 5.49),
       (20005, 2, 'BR03', 100, 10.99),
       (20006, 1, 'BR01', 20, 5.99),
       (20006, 2, 'BR02', 10, 8.99),
       (20006, 3, 'BR03', 10, 11.99),
       (20007, 1, 'BR03', 50, 11.49),
       (20007, 2, 'BNBG01', 100, 2.99),
       (20007, 3, 'BNBG02', 100, 2.99),
       (20007, 4, 'BNBG03', 100, 2.99),
       (20007, 5, 'RGAN01', 50, 4.49),
       (20008, 1, 'RGAN01', 5, 4.99),
       (20008, 2, 'BR03', 5, 11.99),
       (20008, 3, 'BNBG01', 10, 3.49),
       (20008, 4, 'BNBG02', 10, 3.49),
       (20008, 5, 'BNBG03', 10, 3.49),
       (20009, 1, 'BNBG01', 250, 2.49),
       (20009, 2, 'BNBG02', 250, 2.49),
       (20009, 3, 'BNBG03', 250, 2.49);
/*!40000 ALTER TABLE `orderitems`
    ENABLE KEYS */;
UNLOCK TABLES;

--
-- Table structure for table `orders`
--

DROP TABLE IF EXISTS `orders`;
/*!40101 SET @saved_cs_client = @@character_set_client */;
SET character_set_client = utf8mb4;
CREATE TABLE `orders`
(
    `order_num`  INT(11)  NOT NULL,
    `order_date` DATETIME NOT NULL,
    `cust_id`    CHAR(10) NOT NULL,
    PRIMARY KEY (`order_num`),
    KEY `FK_Orders_Customers` (`cust_id`),
    CONSTRAINT `FK_Orders_Customers` FOREIGN KEY (`cust_id`) REFERENCES `customers` (`cust_id`)
) ENGINE = InnoDB
  DEFAULT CHARSET = utf8mb4
  COLLATE = utf8mb4_0900_ai_ci;
/*!40101 SET character_set_client = @saved_cs_client */;

--
-- Dumping data for table `orders`
--

LOCK TABLES `orders` WRITE;
/*!40000 ALTER TABLE `orders`
    DISABLE KEYS */;
INSERT INTO `orders` (`order_num`, `order_date`, `cust_id`)
VALUES (20005, '2012-05-01 00:00:00', '1000000001'),
       (20006, '2012-01-12 00:00:00', '1000000003'),
       (20007, '2012-01-30 00:00:00', '1000000004'),
       (20008, '2012-02-03 00:00:00', '1000000005'),
       (20009, '2012-02-08 00:00:00', '1000000001');
/*!40000 ALTER TABLE `orders`
    ENABLE KEYS */;
UNLOCK TABLES;

--
-- Table structure for table `products`
--

DROP TABLE IF EXISTS `products`;
/*!40101 SET @saved_cs_client = @@character_set_client */;
SET character_set_client = utf8mb4;
CREATE TABLE `products`
(
    `prod_id`    CHAR(10)      NOT NULL,
    `vend_id`    CHAR(10)      NOT NULL,
    `prod_name`  CHAR(255)     NOT NULL,
    `prod_price` DECIMAL(8, 2) NOT NULL,
    `prod_desc`  TEXT,
    PRIMARY KEY (`prod_id`),
    KEY `FK_Products_Vendors` (`vend_id`),
    CONSTRAINT `FK_Products_Vendors` FOREIGN KEY (`vend_id`) REFERENCES `vendors` (`vend_id`)
) ENGINE = InnoDB
  DEFAULT CHARSET = utf8mb4
  COLLATE = utf8mb4_0900_ai_ci;
/*!40101 SET character_set_client = @saved_cs_client */;

--
-- Dumping data for table `products`
--

LOCK TABLES `products` WRITE;
/*!40000 ALTER TABLE `products`
    DISABLE KEYS */;
INSERT INTO `products` (`prod_id`, `vend_id`, `prod_name`, `prod_price`, `prod_desc`)
VALUES ('BNBG01', 'DLL01', 'Fish bean bag toy', 3.49,
        'Fish bean bag toy, complete with bean bag worms with which to feed it'),
       ('BNBG02', 'DLL01', 'Bird bean bag toy', 3.49, 'Bird bean bag toy, eggs are not included'),
       ('BNBG03', 'DLL01', 'Rabbit bean bag toy', 3.49, 'Rabbit bean bag toy, comes with bean bag carrots'),
       ('BR01', 'BRS01', '8 inch teddy bear', 5.99, '8 inch teddy bear, comes with cap and jacket'),
       ('BR02', 'BRS01', '12 inch teddy bear', 8.99, '12 inch teddy bear, comes with cap and jacket'),
       ('BR03', 'BRS01', '18 inch teddy bear', 11.99, '18 inch teddy bear, comes with cap and jacket'),
       ('RGAN01', 'DLL01', 'Raggedy Ann', 4.99, '18 inch Raggedy Ann doll'),
       ('RYL01', 'FNG01', 'King doll', 9.49, '12 inch king doll with royal garments and crown'),
       ('RYL02', 'FNG01', 'Queen doll', 9.49, '12 inch queen doll with royal garments and crown');
/*!40000 ALTER TABLE `products`
    ENABLE KEYS */;
UNLOCK TABLES;

--
-- Table structure for table `vendors`
--

DROP TABLE IF EXISTS `vendors`;
/*!40101 SET @saved_cs_client = @@character_set_client */;
SET character_set_client = utf8mb4;
CREATE TABLE `vendors`
(
    `vend_id`      CHAR(10) NOT NULL,
    `vend_name`    CHAR(50) NOT NULL,
    `vend_address` CHAR(50) DEFAULT NULL,
    `vend_city`    CHAR(50) DEFAULT NULL,
    `vend_state`   CHAR(5)  DEFAULT NULL,
    `vend_zip`     CHAR(10) DEFAULT NULL,
    `vend_country` CHAR(50) DEFAULT NULL,
    PRIMARY KEY (`vend_id`)
) ENGINE = InnoDB
  DEFAULT CHARSET = utf8mb4
  COLLATE = utf8mb4_0900_ai_ci;
/*!40101 SET character_set_client = @saved_cs_client */;

--
-- Dumping data for table `vendors`
--

LOCK TABLES `vendors` WRITE;
/*!40000 ALTER TABLE `vendors`
    DISABLE KEYS */;
INSERT INTO `vendors` (`vend_id`, `vend_name`, `vend_address`, `vend_city`, `vend_state`, `vend_zip`, `vend_country`)
VALUES ('BRE02', 'Bear Emporium', '500 Park Street', 'Anytown', 'OH', '44333', 'USA'),
       ('BRS01', 'Bears R Us', '123 Main Street', 'Bear Town', 'MI', '44444', 'USA'),
       ('DLL01', 'Doll House Inc.', '555 High Street', 'Dollsville', 'CA', '99999', 'USA'),
       ('FNG01', 'Fun and Games', '42 Galaxy Road', 'London', NULL, 'N16 6PS', 'England'),
       ('FRB01', 'Furball Inc.', '1000 5th Avenue', 'New York', 'NY', '11111', 'USA'),
       ('JTS01', 'Jouets et ours', '1 Rue Amusement', 'Paris', NULL, '45678', 'France');
/*!40000 ALTER TABLE `vendors`
    ENABLE KEYS */;
UNLOCK TABLES;
/*!40103 SET TIME_ZONE = @OLD_TIME_ZONE */;

/*!40101 SET SQL_MODE = @OLD_SQL_MODE */;
/*!40014 SET FOREIGN_KEY_CHECKS = @OLD_FOREIGN_KEY_CHECKS */;
/*!40014 SET UNIQUE_CHECKS = @OLD_UNIQUE_CHECKS */;
/*!40101 SET CHARACTER_SET_CLIENT = @OLD_CHARACTER_SET_CLIENT */;
/*!40101 SET CHARACTER_SET_RESULTS = @OLD_CHARACTER_SET_RESULTS */;
/*!40101 SET COLLATION_CONNECTION = @OLD_COLLATION_CONNECTION */;
/*!40111 SET SQL_NOTES = @OLD_SQL_NOTES */;

-- Dump completed on 2019-07-25  0:15:00
